<?xml version="1.0" encoding="UTF-8"?>
<!DOCTYPE mapper PUBLIC "-//mybatis.org//DTD Mapper 3.0//EN" "http://mybatis.org/dtd/mybatis-3-mapper.dtd" >
<mapper namespace="com.ssafy.happyhouse.model.dao.PostDao">
	
	<insert id="registPost">
		insert into QnA (title, id, descrip)
		values (#{title}, #{id}, #{descrip})
	</insert>
	
	<select id="getPostList" resultType="PostDto">
		select num, title, views, id, date_format(date, '%Y-%m-%d') as date, descrip, answernum from QnA
	</select>
	
	<select id="getPost" resultType="PostDto">
		select num, title, views, id, date_format(date, '%Y-%m-%d') as date, descrip, answernum from QnA where num=#{num}
	</select>
	
	<update id="addViews">
		update QnA
		set views = #{views}
		where num = #{num}
	</update>
	
	<select id="getViews" resultType="int">
		select views from QnA where num=#{num}
	</select>
	
	<update id="updatePost">
		update QnA 
		set title = #{title}, id= #{id}, descrip=#{descrip} 
		where num=#{num}
	</update>
	
	<update id="updateAnswernum">
		update QnA
		set answernum = #{answernum}
		where num = #{num}
	</update>
	
	<update id="removeAnswernum">
		update QnA
		set answernum = null
		where num = #{num}
	</update>
	
	<delete id="removePost">
		delete from QnA where num=#{num}
	</delete>



</mapper>
